Metric,Value
Total Budget (100M CNY),10000.0
Final Score (2035),0.7200817197947115
Objective Value,-0.7201461854869937
Convergence Status,True
Infrastructure Total (A),2454.135816238418
Talent Total (B),1967.6920312874608
Research Total (C),2420.947852722363
OpenSource Total (D),1213.4221109858263
Industry Total (E),1482.79585488555
Governance Total (F),461.00633388037863
